"id","name","kapazitaet","gebaeude","adresse"
"BB05C01","Analytische Chemie Hörerlabor links","32","BB - Eckbau","Getreidemarkt 9,"
"BB05C17","Analytische Chemie Hörerlabor rechts","32","BB - Eckbau","Getreidemarkt 9,"
"BB04C23","Anorganische Spurenalanlytik","3","BB - Eckbau","Getreidemarkt 9,"
"ATIB","Atominstitut Bibliothek","25","ZA - Atominstitut","Stadionallee 2, 1. Stock, links"
"ABL","Aufbaulabor - Achtung! Werkraum, kein Hörsaal!","120","AA - Hauptgebäude","Karlsplatz 13, Hauptgebäude, Stiege 7, 1.Stock"
"OZEG43","Besprechung O214 - 1","14","OZ - ARSENAL Objekt 214","Franz-Grill-Straße 9,"
"BC01A04","Besprechungsraum 01","5","BC - Lehartrakt","Lehargasse 4,"
"FB0411","Besprechungsraum 01","10","FB - Erzherzog-Johann-Pl. 1","Erzherzog-Johann-Platz 1,"
"FB0402","Besprechungsraum 02","10","FB - Erzherzog-Johann-Pl. 1","Erzherzog-Johann-Platz 1,"
"CH0205B","Besprechungsraum 362 - 2","12","CH - ZMNS","Gußhausstraße 25-25a,"
"BRG","Besprechungsraum Galerie","12","EA - Institutsgebäude","Argentinierstraße 8, Argentinierstrasse 8, 1. Stock"
"BRK","Besprechungsraum Kuppel","6","EA - Institutsgebäude","Argentinierstraße 8, Argentienerstraße 8, EG"
"CF0117","Bibliothek E354","20","CF - Haupttrakt","Gußhausstraße 25-25a, Gußhausstraße 25"
"CB0115","Bibliothek E363","20","CA - Gußhausstr. 27-29 - Neu El","Gußhausstraße 25-29,"
"BZ0101","Büro Birner-Grünberger","3","BZ - Geniegebäude","Getreidemarkt 9,"
"BB03I25","Büro Kasper-Giebl","3","BB - Eckbau","Getreidemarkt 9,"
"BB05N25","Büro Marchetti-Deschmann","3","BB - Eckbau","Getreidemarkt 9,"
"BI02A07","Büro Schnürch","5","BI - Loschmitdt Trakt","Getreidemarkt 9,"
"BI02H08","Büro Stanetty","3","BI - Loschmitdt Trakt","Getreidemarkt 9,"
"BD 07 D32","CAD-Labor Saal 1 und 2","60","BD - Hoftrakt","Lehargasse 6,"
"BD 06 B33","CAD-Labor Saal 3","30","BD - Hoftrakt","Lehargasse 6,"
"DA08G10","CAD1","13","DA - Freihausgebäude","Wiedner Hauptstraße 8-10,"
"DA07E10","CAD2","15","DA - Freihausgebäude","Wiedner Hauptstraße 8-10,"
"AE0138","CEE EDV-Lehrraum","30","AA - Hauptgebäude","Karlsplatz 13,"
"AE0144","CEE Sitzungszimmer","20","AA - Hauptgebäude","Karlsplatz 13,"
"DE0328","CPS Bibliothek","11","DE - Institutsgebäude","Treitlstraße 3,"
"DE0302","CPS Labor","10","DE - Institutsgebäude","Treitlstraße 3,"
"PCEG13","CPS Robotik-Labor","25","P - Lab.f.Fert.Technik","Engerthstr. 119,"
"Ch0217","Computerlabor CH0217","18","CH - ZMNS","Gußhausstraße 25-25a,"
"EA U1 20B","DSLab","24","EA - Institutsgebäude","Argentinierstraße 8,"
"EDVP","EDV Praktikum Physik","32","DA - Freihausgebäude","Wiedner Hauptstraße 8-10, Turm A, grüner Bereich, 1. OG"
"DA02K20","EDV-Raum. DA grün 02 D","28","DA - Freihausgebäude","Wiedner Hauptstraße 8-10, , Turm A, grüner Bereich, 2. OG"
"E1","EI 1 Petritsch HS","63","CF - Haupttrakt","Gußhausstraße 25-25a, 2. Stock"
"E10","EI 10 Fritz Paschke HS - UIW","151","CA - Gußhausstr. 27-29 - Neu El","Gußhausstraße 25-29, Stiege 1, Erdgeschoss"
"E11","EI 11 HS - INF","81","CA - Gußhausstr. 27-29 - Neu El","Gußhausstraße 25-29, Stiege 1, 3. Stock"
"E2","EI 2 Pichelmayer HS - ETIT","135","CF - Haupttrakt","Gußhausstraße 25-25a, 2. Stock"
"E3","EI 3 Sahulka HS - UIW","184","CF - Haupttrakt","Gußhausstraße 25-25a, 2. Stock"
"E3A","EI 3A Hörsaal","57","CF - Haupttrakt","Gußhausstraße 25-25a, 2. Stock"
"E4","EI 4 Reithoffer HS","90","CF - Haupttrakt","Gußhausstraße 25-25a, 2. Stock"
"E5","EI 5 Hochenegg HS","114","CF - Haupttrakt","Gußhausstraße 25-25a, 2. Stock"
"E6","EI 6 Eckert HS","30","CF - Haupttrakt","Gußhausstraße 25-25a, Stiege 10, 6. Stock"
"E7","EI 7 Hörsaal - ETIT","434","CA - Gußhausstr. 27-29 - Neu El","Gußhausstraße 25-29, Stiege 1, Erdgeschoss"
"E8","EI 8 Pötzl HS - QUER","139","CA - Gußhausstr. 27-29 - Neu El","Gußhausstraße 25-29, Stiege 1, Erdgeschoss"
"E9","EI 9 Hlawka HS - ETIT","181","CA - Gußhausstr. 27-29 - Neu El","Gußhausstraße 25-29, Stiege 1, Erdgeschoss"
"FCEG13A","Ersatzraum Prechtlsaal 1","10","FB - Erzherzog-Johann-Pl. 1","Erzherzog-Johann-Platz 1,"
"FBEG13","Ersatzraum Prechtlsaal 2","22","FB - Erzherzog-Johann-Pl. 1","Erzherzog-Johann-Platz 1,"
"FBEG09","Ersatzraum Prechtlsaal 3","10","FB - Erzherzog-Johann-Pl. 1","Erzherzog-Johann-Platz 1,"
"FAV1","FAV Hörsaal 1 Helmut Veith - INF","106","HA - Institutsgebäude","Favoritenstraße 9-11, Erdgeschoß"
"FAV2","FAV Hörsaal 2","35","HA - Institutsgebäude","Favoritenstraße 9-11, Erdgeschoß"
"ZEMS","FAV Hörsaal 3 Zemanek (Seminarraum Zemanek)","50","HA - Institutsgebäude","Favoritenstraße 9-11, Erdgeschoß"
"BCEGH21","FG Labs Fleig/Opitz/Fafilek 1","3","BC - Lehartrakt","Lehargasse 4,"
"BCEGH31","FG Labs Fleig/Opitz/Fafilek 3","3","BC - Lehartrakt","Lehargasse 4,"
"F8","FH 8 Nöbauer HS - MATH","203","DA - Freihausgebäude","Wiedner Hauptstraße 8-10, Turm B, gelber Bereich, 2. OG"
"F1","FH Hörsaal 1 - MWB","383","DA - Freihausgebäude","Wiedner Hauptstraße 8-10, Turm C, roter Bereich, 1. u. 2. OG"
"F2","FH Hörsaal 2","53","DA - Freihausgebäude","Wiedner Hauptstraße 8-10, Turm B, gelber Bereich, 2. OG"
"F3","FH Hörsaal 3 - MATH","86","DA - Freihausgebäude","Wiedner Hauptstraße 8-10, Turm B, gelber Bereich, 2. OG"
"F4","FH Hörsaal 4","53","DA - Freihausgebäude","Wiedner Hauptstraße 8-10, Turm B, gelber Bereich, 2. OG"
"F5","FH Hörsaal 5 - TPH","198","DA - Freihausgebäude","Wiedner Hauptstraße 8-10, Turm A, grüner Bereich, 2. OG"
"F6","FH Hörsaal 6 - TPH","198","DA - Freihausgebäude","Wiedner Hauptstraße 8-10, Turm A, grüner Bereich, 2. OG"
"F7","FH Hörsaal 7 - GEO","70","DA - Freihausgebäude","Wiedner Hauptstraße 8-10, Turm B, gelber Bereich, 2. OG"
"BH03A01","Forschungslabor","5","BH - Institutsgebäude","Gumpendorfer Straße 1a,"
"DC01F02","GIS Labor DC rot 01","40","DA - Freihausgebäude","Wiedner Hauptstraße 8-10, Turm C, roter Bereich, 1. OG"
"AUDI","GM 1 Audi. Max.- ARCH-INF","491","BA - Plus Energie Büro Hochhaus","Getreidemarkt 9, Bauteil BA Hochhaus, EG"
"RADI","GM 2 Radinger Hörsaal - TCH","240","BD - Hoftrakt","Lehargasse 6, Bauteil BD Hoftrakt, 1.OG"
"VORT HS","GM 3 Vortmann Hörsaal - VT","102","BA - Plus Energie Büro Hochhaus","Getreidemarkt 9, Bauteil BA Hochhaus, 2.OG"
"KNOL","GM 4 Knoller Hörsaal - VT","104","BD - Hoftrakt","Lehargasse 6, Bauteil BD Hoftrakt, 2.OG"
"BA_PRAKT","GM 5 Praktikum HS- TCH","232","BA - Plus Energie Büro Hochhaus","Getreidemarkt 9, Bauteil BA Hochhaus, 2.UG"
"KSCH","GM 7 Kleiner Schiffbau","30","BD - Hoftrakt","Lehargasse 6, Bauteil BD Hoftrakt, 1.OG"
"BAU1_ZID","GM 8/9 - Hörsaal des Internationalen Wiener Motorensymposiums","72","BD - Hoftrakt","Lehargasse 6, Bauteil BD Hoftrakt, 2.OG"
"H13","HS 13 Ernst Melan - RPL","174","AA - Hauptgebäude","Karlsplatz 13, Stiege 7"
"H14A","HS 14A Günther Feuerstein","102","AA - Hauptgebäude","Karlsplatz 13, Stiege 3, 3. Stock"
"H17","HS 17 Friedrich Hartmann - ARCH","211","AA - Hauptgebäude","Karlsplatz 13, Stiege 7, 3. Stock"
"H18","HS 18 Czuber - MB","200","AA - Hauptgebäude","Karlsplatz 13, zw.Stiege 2 u. 8, 2. Stock"
"H7","HS 7 Schütte-Lihotzky - ARCH","143","AA - Hauptgebäude","Karlsplatz 13, Hof 2, Stiege 7"
"H8","HS 8 Heinz Parkus - CEE","196","AA - Hauptgebäude","Karlsplatz 13, Stiege 7"
"OZEG80","HS Atrium 1","150","OZ - ARSENAL Objekt 214","Franz-Grill-Straße 9,"
"OZEG76","HS Atrium 2","86","OZ - ARSENAL Objekt 214","Franz-Grill-Straße 9,"
"OA01E29","HS O221","131","OA - Objekt 221","Franz-Grill-Straße 2-4,"
"BI04G12","Hauptlabor des VT-Instituts","9","BI - Loschmitdt Trakt","Getreidemarkt 9,"
"AIHS","Helmut Rauch Hörsaal - TPH","196","ZA - Atominstitut","Stadionallee 2,"
"BHEGA01","Hörerlabor","22","BH - Institutsgebäude","Gumpendorfer Straße 1a,"
"BC04H01","Hörerlabor BC 1","21","BC - Lehartrakt","Lehargasse 4,"
"BC04H11","Hörerlabor BC 2","18","BC - Lehartrakt","Lehargasse 4,"
"BC04H21","Hörerlabor BC 3","20","BC - Lehartrakt","Lehargasse 4,"
"BC04H31","Hörerlabor BC 4","23","BC - Lehartrakt","Lehargasse 4,"
"BC04H41","Hörerlabor BC 5","27","BC - Lehartrakt","Lehargasse 4,"
"BKU1B03","Hörerlabor BK","62","BI - Loschmitdt Trakt","Getreidemarkt 9,"
"H14","Hörsaal 14","36","AA - Hauptgebäude","Karlsplatz 13, Stiege 3, 3. Stock"
"H15","Hörsaal 15","52","AA - Hauptgebäude","Karlsplatz 13, Stiege 3, 3. Stock"
"H6","Hörsaal 6 - RPL","173","AA - Hauptgebäude","Karlsplatz 13, zw. Stiege 2 u. 8"
"AEU141","Hörsaal AE U1 - 1 - CEE","184","AA - Hauptgebäude","Karlsplatz 13,"
"BB04C13","Imaging MS","3","BB - Eckbau","Getreidemarkt 9,"
"HGEG05","InfLab Frogger","25","HA - Institutsgebäude","Favoritenstraße 9-11, Erdgeschoß"
"HGEG15","InfLab Pong","10","HA - Institutsgebäude","Favoritenstraße 9-11, Erdgeschoß"
"HGEG05A","InfLab Q*bert","25","HA - Institutsgebäude","Favoritenstraße 9-11, Erdgeschoß"
"INFH","Informatikhörsaal - ARCH-INF","392","DE - Institutsgebäude","Treitlstraße 3, Erdgeschoss"
"S1","Konferenzraum der Fakultät Architektur und Raumplanung","40","AA - Hauptgebäude","Karlsplatz 13, Hauptgebäude, Stiege 6, 4. Stock"
"HCEG13","Labor","7","HA - Institutsgebäude","Favoritenstraße 9-11,"
"HE0250","Labor","7","HA - Institutsgebäude","Favoritenstraße 9-11,"
"HAEG04","Labor - Ofenraum","9","HA - Institutsgebäude","Favoritenstraße 9-11,"
"BI03A09","Labor 2 des FB MVT und Luftreinhaltetechnik","3","BI - Loschmitdt Trakt","Getreidemarkt 9,"
"CC0117","Labor CC0117","20","CA - Gußhausstr. 27-29 - Neu El","Gußhausstraße 25-29,"
"CF0141","Labor CF0141","10","CF - Haupttrakt","Gußhausstraße 25-25a,"
"DA04A05","Labor DA04A05","4","DA - Freihausgebäude","Wiedner Hauptstraße 8-10,"
"BD U1 D42","Labor Fördertechnik","5","BE - Lückenbau","Gumpendorfer Straße 7, erstes Untergeschoss"
"BFEGG12","Labor Mechanische Prüfung","7","BF - Institutsgebäude","Getreidemarkt 9,"
"HAEG09","Labor Mechanische Prüfung I","6","HA - Institutsgebäude","Favoritenstraße 9-11,"
"CH0213","Labor Technische Elektronik (LVA 362.132)","18","CH - ZMNS","Gußhausstraße 25-25a,"
"BF02G20","Labor Thermische Analyse I","7","BF - Institutsgebäude","Getreidemarkt 9,"
"HAEG11","Labor WM","7","HA - Institutsgebäude","Favoritenstraße 9-11,"
"HAEG16","Labor WM1","8","HA - Institutsgebäude","Favoritenstraße 9-11,"
"CF0426","Labor Übungsraum E370","36","CF - Haupttrakt","Gußhausstraße 25-25a, 4. Stock"
"BB01C15","Laborraum BB01C15","3","BB - Eckbau","Getreidemarkt 9,"
"BB01C19","Laborraum BB01C19","3","BB - Eckbau","Getreidemarkt 9,"
"BB01C23","Laborraum BB01C23","3","BB - Eckbau","Getreidemarkt 9,"
"BB02G02","Laborraum BB02G02","3","BB - Eckbau","Getreidemarkt 9,"
"DCEGD03","Lernraum Altes GZ","70","DA - Freihausgebäude","Wiedner Hauptstraße 8-10,"
"BD01A29","Lernraum BD01A29","12","BD - Hoftrakt","Lehargasse 6, Getreidemarkt, BD 1. Stock"
"DEZE11","Lernraum DEZE11","17","DE - Institutsgebäude","Treitlstraße 3,"
"CD0312","Lernraum Gußhaus CD0312","16","CA - Gußhausstr. 27-29 - Neu El","Gußhausstraße 25-29,"
"AHZE03","Lernraum Karlsplatz AHZE03","20","AA - Hauptgebäude","Karlsplatz 13, Stiege 7, ZE"
"AIEG01A","Luftpavillon","10","AA - Hauptgebäude","Karlsplatz 13,"
"CA0406","Messtechnik Labor","18","CA - Gußhausstr. 27-29 - Neu El","Gußhausstraße 25-29,"
"BF02G10","Ofenraum","7","BF - Institutsgebäude","Getreidemarkt 9,"
"AF0106","PC1","29","AA - Hauptgebäude","Karlsplatz 13,"
"AF0105","PC2","9","AA - Hauptgebäude","Karlsplatz 13,"
"AF0113","PC3","8","AA - Hauptgebäude","Karlsplatz 13,"
"AF0122","PC4","15","AA - Hauptgebäude","Karlsplatz 13,"
"AF0116","PC5","15","AA - Hauptgebäude","Karlsplatz 13,"
"AF0101","PC6","7","AA - Hauptgebäude","Karlsplatz 13,"
"AFEG 06","PC7","29","AA - Hauptgebäude","Karlsplatz 13,"
"AFEG03","PC8","13","AA - Hauptgebäude","Karlsplatz 13,"
"CFEG47","Programmier-Labor","54","CF - Haupttrakt","Gußhausstraße 25-25a,"
"XKEG05","Projektraum 1","20","XK - Ausweichquatier","Mattiellistraße 2-4,"
"ZS13","Projektraum 13 - Achtung! Werkraum, kein Seminarraum!","25","AA - Hauptgebäude","Karlsplatz 13, Hauptgebäude, Stiege 4, 1. Stock"
"ZS14","Projektraum 14 - Achtung! Werkraum, kein Seminarraum!","25","AA - Hauptgebäude","Karlsplatz 13, Hauptgebäude, Stiege 4, 1. Stock"
"XKEG13","Projektraum 2","40","XK - Ausweichquatier","Mattiellistraße 2-4,"
"ZS2","Projektraum 2 - Achtung! Werkraum, kein Seminarraum!","25","AA - Hauptgebäude","Karlsplatz 13, Hauptgebäude, Stiege 4, 3. Stock"
"ZS8","Projektraum 8 - Achtung! Werkraum, kein Seminarraum!","25","AA - Hauptgebäude","Karlsplatz 13, Hauptgebäude, Stiege 4, 3.Stock"
"AC0230","Projektraum DAP 1/259","32","AA - Hauptgebäude","Karlsplatz 13,"
"2532","Projektraum GBL - 2/253 - Achtung! Werkraum, kein Seminarraum!","20","AA - Hauptgebäude","Karlsplatz 13, Stiege 7"
"AF0326","Projektraum GSTL - 253-06 - Achtung Werkraum! Kein Seminarraum!","40","AA - Hauptgebäude","Karlsplatz 13,"
"S6","Projektraum HB1 - 6/253 - Achtung! Werkraum, kein Seminarraum!","20","AA - Hauptgebäude","Karlsplatz 13,"
"2537","Projektraum HB2 - 7/253 - Achtung! Werkraum, kein Seminarraum!","20","AA - Hauptgebäude","Karlsplatz 13, Stiege 7"
"2534","Projektraum RG - 4/253 - Achtung! Werkraum, kein Seminarraum!","20","AA - Hauptgebäude","Karlsplatz 13, Stiege 7, Dachgeschoß"
"5260","Projektraum STB - 5/260 - Achtung! Werkraum, kein Seminarraum!","20","AA - Hauptgebäude","Karlsplatz 13, Stiege 7"
"2533","Projektraum WB - 3/253 - Achtung! Werkraum, kein Seminarraum!","20","AA - Hauptgebäude","Karlsplatz 13, Stiege 7"
"BC01A50","Raum Madsen","5","BC - Lehartrakt","Lehargasse 4,"
"ACEG12","Raumlabor","20","AA - Hauptgebäude","Karlsplatz 13,"
"CG0118","Sem 389","30","CF - Haupttrakt","Gußhausstraße 25-25a, 1. Stock"
"DA02E08","Sem.R. DA grün 02 A - GEO","44","DA - Freihausgebäude","Wiedner Hauptstraße 8-10,"
"DA02F16","Sem.R. DA grün 02 B - GEO","40","DA - Freihausgebäude","Wiedner Hauptstraße 8-10, grüner Bereich, 2. OG"
"DA02F20","Sem.R. DA grün 02 C - GEO","18","DA - Freihausgebäude","Wiedner Hauptstraße 8-10, , Turm A, grüner Bereich, 2. OG"
"101A","Sem.R. DA grün 03 A","48","DA - Freihausgebäude","Wiedner Hauptstraße 8-10, Turm A, grüner Bereich, 3. OG"
"101B","Sem.R. DA grün 03 B","32","DA - Freihausgebäude","Wiedner Hauptstraße 8-10, Turm A, grüner Bereich, 3. OG"
"101C","Sem.R. DA grün 04","30","DA - Freihausgebäude","Wiedner Hauptstraße 8-10, Turm A, grüner Bereich, 4. OG"
"104","Sem.R. DA grün 05","60","DA - Freihausgebäude","Wiedner Hauptstraße 8-10, Turm A, grüner Bereich, 5. OG"
"107","Sem.R. DA grün 06A","30","DA - Freihausgebäude","Wiedner Hauptstraße 8-10, Turm A, grüner Bereich, 6. OG"
"1016","Sem.R. DA grün 06B","16","DA - Freihausgebäude","Wiedner Hauptstraße 8-10, Turm A, grüner Bereich, 6. OG"
"325/2","Sem.R. DB gelb 03","30","DA - Freihausgebäude","Wiedner Hauptstraße 8-10, Turm B, gelber Bereich, 3. OG"
"105A","Sem.R. DB gelb 04","30","DA - Freihausgebäude","Wiedner Hauptstraße 8-10, Turm B, gelber Bereich, 4.OG"
"134","Sem.R. DB gelb 05 A","30","DA - Freihausgebäude","Wiedner Hauptstraße 8-10, Turm B, gelber Bereich, 5. OG"
"134A","Sem.R. DB gelb 05 B","24","DA - Freihausgebäude","Wiedner Hauptstraße 8-10, Turm B, gelber Bereich, 5. OG"
"138A","Sem.R. DB gelb 07","30","DA - Freihausgebäude","Wiedner Hauptstraße 8-10, Turm B, gelber Bereich, 7. OG"
"138C","Sem.R. DB gelb 09","29","DA - Freihausgebäude","Wiedner Hauptstraße 8-10, Turm B, gelber Bereich, 9. OG"
"136","Sem.R. DB gelb 10","29","DA - Freihausgebäude","Wiedner Hauptstraße 8-10, Turm B, gelber Bereich, 10. OG"
"138B","Sem.R. DC rot 07","24","DA - Freihausgebäude","Wiedner Hauptstraße 8-10, Turm C, roter Bereich, 7. OG"
"OC 01 I27","Seminarraum 1","54","OC - Arsenal, Obj. 236","Lilienthalgasse 14,"
"1071","Seminarraum 107/1","24","AP - Goldenes Lamm","Wiedner Hauptstraße 7,"
"123","Seminarraum 127","34","CA - Gußhausstr. 27-29 - Neu El","Gußhausstraße 25-29, Stiege 1"
"OC 01 H23","Seminarraum 2","66","OC - Arsenal, Obj. 236","Lilienthalgasse 14,"
"OC 01 E23","Seminarraum 3","34","OC - Arsenal, Obj. 236","Lilienthalgasse 14,"
"CH0236","Seminarraum 362 - 1","36","CH - ZMNS","Gußhausstraße 25-25a,"
"351","Seminarraum 363","50","CA - Gußhausstr. 27-29 - Neu El","Gußhausstraße 25-29, Stiege 1"
"122","Seminarraum 366","36","CA - Gußhausstr. 27-29 - Neu El","Gußhausstraße 25-29, Stiege 3"
"CD0204","Seminarraum 384","36","CA - Gußhausstr. 27-29 - Neu El","Gußhausstraße 25-29,"
"387","Seminarraum 387","30","CA - Gußhausstr. 27-29 - Neu El","Gußhausstraße 25-29, Stiege 2, Erdgeschoß"
"2503","Seminarraum 8","20","AA - Hauptgebäude","Karlsplatz 13, Hof 2, Stiege 7, ebenerdig"
"ZS15","Seminarraum AA 02 – 1","35","AA - Hauptgebäude","Karlsplatz 13, Hauptgebäude, Stiege1, 2. Stock"
"AA0352","Seminarraum AA 03 - 1 - CEE","50","AA - Hauptgebäude","Karlsplatz 13,"
"AC0246","Seminarraum AC 02 - 1 - UIW","36","AA - Hauptgebäude","Karlsplatz 13, Karlsplatz 13, 2. Stock, Stiege 5"
"AC0240","Seminarraum AC 02 - 2","36","AA - Hauptgebäude","Karlsplatz 13, Karlsplatz 13, 2. Stock, Stiege 5"
"AC0340","Seminarraum AC 03 - 1","29","AA - Hauptgebäude","Karlsplatz 13,"
"AC0440","Seminarraum AC0440","50","AA - Hauptgebäude","Karlsplatz 13, 4. OG"
"ACEG01","Seminarraum ACEG01 Executive Learning Space","34","AA - Hauptgebäude","Karlsplatz 13,"
"222","Seminarraum AD 03 - 1","46","AA - Hauptgebäude","Karlsplatz 13, Stiege 5"
"AEU103","Seminarraum AE U1 - 1","30","AA - Hauptgebäude","Karlsplatz 13,"
"AEU107","Seminarraum AE U1 - 2","26","AA - Hauptgebäude","Karlsplatz 13,"
"AEU115","Seminarraum AE U1 - 3","24","AA - Hauptgebäude","Karlsplatz 13,"
"AEU119","Seminarraum AE U1 - 4","40","AA - Hauptgebäude","Karlsplatz 13,"
"AEU125","Seminarraum AE U1 - 5","40","AA - Hauptgebäude","Karlsplatz 13,"
"AEU131","Seminarraum AE U1 - 6","24","AA - Hauptgebäude","Karlsplatz 13,"
"AEU140","Seminarraum AE U1 - 7","52","AA - Hauptgebäude","Karlsplatz 13,"
"234","Seminarraum AEEG-1","25","AA - Hauptgebäude","Karlsplatz 13, Stiege 2"
"AF0222","Seminarraum AF 02 - 1 CEE","24","AA - Hauptgebäude","Karlsplatz 13,"
"AF0228","Seminarraum AF 02 - 2 CEE","24","AA - Hauptgebäude","Karlsplatz 13,"
"AF0312","Seminarraum AF 03-1","20","AA - Hauptgebäude","Karlsplatz 13,"
"ARG","Seminarraum Argentinierstrasse","50","EA - Institutsgebäude","Argentinierstraße 8, Argentinierstrasse 8 od. Paniglgasse, EG"
"SEM BA 02A","Seminarraum BA 02A","36","BA - Plus Energie Büro Hochhaus","Getreidemarkt 9, Bauteil BA Hochhaus, 2.OG"
"SEM BA 02B","Seminarraum BA 02B","63","BA - Plus Energie Büro Hochhaus","Getreidemarkt 9, Bauteil BA Hochhaus, 2.OG"
"SEM BA 02C","Seminarraum BA 02C","22","BA - Plus Energie Büro Hochhaus","Getreidemarkt 9, Bauteil BA Hochhaus, 2.OG"
"BA03 D13","Seminarraum BA 03/ Prüfungszimmer Dekanat","10","BA - Plus Energie Büro Hochhaus","Getreidemarkt 9,"
"SEM BA 05","Seminarraum BA 05 - MB","40","BA - Plus Energie Büro Hochhaus","Getreidemarkt 9, Bauteil BA Hochhaus, 5.OG"
"SEM BA 08A","Seminarraum BA 08A - MB","40","BA - Plus Energie Büro Hochhaus","Getreidemarkt 9, Bauteil BA Hochhaus, 8.OG"
"SEM BA 08B","Seminarraum BA 08B - MB","30","BA - Plus Energie Büro Hochhaus","Getreidemarkt 9, Bauteil BA Hochhaus, 8.OG"
"SR BA 10B","Seminarraum BA 10B - MB","30","BA - Plus Energie Büro Hochhaus","Getreidemarkt 9, Bauteil BA Hochhaus, 10.OG"
"SEM BD 02C","Seminarraum BD 02C","18","BD - Hoftrakt","Lehargasse 6, Bauteil BD Hoftrakt,2.OG"
"307A","Seminarraum BD 03","24","BD - Hoftrakt","Lehargasse 6, Bauteil BD Hoftrakt, 3.OG"
"SEMBE02","Seminarraum BE 01","25","BE - Lückenbau","Gumpendorfer Straße 7, Bauteil BE Lückenbau, 1.OG"
"166S-5","Seminarraum BH 03 Biotechnologie","10","BH - Institutsgebäude","Gumpendorfer Straße 1a, Bauteil BH Gumpendorferstr., EG"
"1665","Seminarraum BH Biosciences","25","BH - Institutsgebäude","Gumpendorfer Straße 1a, Bauteil BH Gumpendorferstr., EG"
"CA0322","Seminarraum CA0322 (Ersatz Proj.-Raum 15)","36","CA - Gußhausstr. 27-29 - Neu El","Gußhausstraße 25-29,"
"CF 01 53","Seminarraum CF 01 53","20","CF - Haupttrakt","Gußhausstraße 25-25a,"
"CHEG34","Seminarraum CHEG - ETIT","30","CH - ZMNS","Gußhausstraße 25-25a,"
"DE0110","Seminarraum DE0110","30","DE - Institutsgebäude","Treitlstraße 3,"
"EBEG03","Seminarraum EB EG-1 - RPL","12","EB - Institutsgebäude","Karlsgasse 11,"
"EBEG09","Seminarraum EBEG-2 - RPL","32","EB - Institutsgebäude","Karlsgasse 11,"
"EBEG20","Seminarraum EBEG-3 - RPL","30","EB - Institutsgebäude","Karlsgasse 11,"
"EBU103","Seminarraum EBU1-1 - RPL","16","EB - Institutsgebäude","Karlsgasse 11,"
"EBU109","Seminarraum EBU1-2 - RPL","30","EB - Institutsgebäude","Karlsgasse 11,"
"EBU120","Seminarraum EBU1-3 - RPL","18","EB - Institutsgebäude","Karlsgasse 11,"
"1832","Seminarraum FAV 01 A (Seminarraum 183/2)","22","HA - Institutsgebäude","Favoritenstraße 9-11, 1. Obergeschoß"
"1872","Seminarraum FAV 01 B (Seminarraum 187/2)","25","HA - Institutsgebäude","Favoritenstraße 9-11, 1. Obergeschoß"
"1882","Seminarraum FAV 01 C (Seminarraum 188/2)","30","HA - Institutsgebäude","Favoritenstraße 9-11, 1. Obergeschoß"
"186","Seminarraum FAV 05 (Seminarraum 186)","36","HA - Institutsgebäude","Favoritenstraße 9-11, 5. Obergeschoß"
"HAEG02","Seminarraum FAV EG A","30","HA - Institutsgebäude","Favoritenstraße 9-11,"
"SEMN","Seminarraum FAV EG B (Seminarraum von Neumann)","18","HA - Institutsgebäude","Favoritenstraße 9-11, Erdgeschoß"
"SEMG","Seminarraum FAV EG C (Seminarraum Gödel)","30","HA - Institutsgebäude","Favoritenstraße 9-11, Erdgeschoß"
"Lehar 01","Seminarraum Lehar 01","18","BC - Lehartrakt","Lehargasse 4, Bauteil BC Lehartrakt, 1.OG"
"Lehar 02","Seminarraum Lehar 02","18","BC - Lehartrakt","Lehargasse 4, Bauteil BC Lehartrakt, 2.OG"
"1633","Seminarraum Lehar 03","18","BC - Lehartrakt","Lehargasse 4, Bauteil BC Lehartrakt, 3.OG"
"LeharEG","Seminarraum Lehar EG","18","BC - Lehartrakt","Lehargasse 4, Bauteil BC Lehartrakt, EG"
"OAEGC11","Seminarraum O221-1","25","OA - Objekt 221","Franz-Grill-Straße 2-4,"
"OAEGC45","Seminarraum O221-2","25","OA - Objekt 221","Franz-Grill-Straße 2-4,"
"OD0122","Seminarraum OD 01 - 1","23","OD - Arsenal OD","Lilienthalgasse 21,"
"SETI","Seminarraum Techn. Informatik","23","DE - Institutsgebäude","Treitlstraße 3, ZUGANG ÜBER OPERNGASSE 9, Erdgeschoß"
"ZE0105","Seminarraum ZE 01 - 1","30","ZE - Stadionallee 2 Neubau","Stadionallee 2,"
"BF02C23","Studierendenlabor","7","BF - Institutsgebäude","Getreidemarkt 9,"
"DE ZE 24","TILab Raum 1","9","DE - Institutsgebäude","Treitlstraße 3,"
"DE ZE 32","TILab Raum 2","9","DE - Institutsgebäude","Treitlstraße 3,"
"DE ZE 40","TILab Raum 3","9","DE - Institutsgebäude","Treitlstraße 3,"
"DE ZE 64","TILab Raum 4","11","DE - Institutsgebäude","Treitlstraße 3,"
"DE ZE 72","TILab Raum 5","3","DE - Institutsgebäude","Treitlstraße 3,"
"DCEGD19","TU.it Internet-Raum FH1","30","DA - Freihausgebäude","Wiedner Hauptstraße 8-10,"
"DCEGD15","TU.it Internet-Raum FH1A","9","DA - Freihausgebäude","Wiedner Hauptstraße 8-10,"
"BAU162","TU.it Internet-Raum GM1 PC Labor","17","BA - Plus Energie Büro Hochhaus","Getreidemarkt 9, BA UG"
"DCEGJ15","TU.it Schulungsraum","12","DA - Freihausgebäude","Wiedner Hauptstraße 8-10,"
"FCEG14H","TVFA Halle - Achtung! Ausstellungsraum/Werkraum","300","FB - Erzherzog-Johann-Pl. 1","Erzherzog-Johann-Platz 1,"
"BBEGL17","Technikum","25","BB - Eckbau","Getreidemarkt 9,"
"THE1","Theresianumgasse HS 1 - MWB","67","XQ - Außenstandort","Theresianumgasse 27,"
"THE2","Theresianumgasse HS 2","21","XQ - Außenstandort","Theresianumgasse 27,"
"BD 04 B33","Vortragsraum Konstruktionslehre","8","BD - Hoftrakt","Lehargasse 6, 4. Obergeschoss"
"HIEG08","Werkstatt","7","HA - Institutsgebäude","Favoritenstraße 9-11,"
"CD0104","Werkstoffelabor","12","CA - Gußhausstr. 27-29 - Neu El","Gußhausstraße 25-29,"
"DA 08 E10","Zeichensaal 1","40","DA - Freihausgebäude","Wiedner Hauptstraße 8-10,"
"DA07A05","Zeichensaal 3","80","DA - Freihausgebäude","Wiedner Hauptstraße 8-10,"
"CF0335","Zeichensaal CF0335","20","CF - Haupttrakt","Gußhausstraße 25-25a,"
"BIU1G18","Zentralgarderobe BIU1","218","BI - Loschmitdt Trakt","Getreidemarkt 9,"
"EAEG 19","complang-Labor","26","EA - Institutsgebäude","Argentinierstraße 8,"
